{
    "connections": [
        "transform|translate|transform|translate", 
        "transform|rotate|transform|rotate", 
        "mesh|outMesh|mesh|inMesh", 
        "transform|scale|transform|scale", 
        "follicle|outTranslate|transform|translate", 
        "follicle|outRotate|transform|rotate", 
        "nurbsCurve|worldSpace|nurbsCurve|create"
    ], 
    "macrosses": {
        "follicle|transform": [
            {
                "connections": [
                    "outTranslate|translate", 
                    "outRotate|rotate"
                ], 
                "name": "Follicle Position"
            }
        ], 
        "transform|transform": [
            {
                "connections": [
                    "rotate|rotate", 
                    "translate|translate", 
                    "scale|scale"
                ], 
                "name": "Full Transform"
            }
        ]
    }
}