{
    "linkedHotkey": "May9_Pro",
    "autoSave": false,
    "panels": [
        {
            "mainWindowPanel": true,
            "splitter": {
                "orientation": "vertical",
                "children": [
                    {
                        "tabWidget": {
                            "selectedIndex": 0,
                            "controlWidth": 0,
                            "controlHeight": 0,
                            "collapsed": false,
                            "controls": [
                                {
                                    "objectName": "StatusLine",
                                    "title": "Status Line",
                                    "uiScript": "global string $gStatusLineForm; formLayout $gStatusLineForm;",
                                    "retain": true,
                                    "loadImmediately": true,
                                    "checkPlugins": false,
                                    "tabDirection": 0,
                                    "closed": false,
                                    "widthProperty": "free",
                                    "heightProperty": "fixed"
                                }
                            ]
                        }
                    },
                    {
                        "tabWidget": {
                            "controlWidth": 0,
                            "controlHeight": 0,
                            "collapsed": false,
                            "controls": [
                                {
                                    "objectName": "Shelf",
                                    "title": "Shelf",
                                    "uiScript": "global string $gShelfForm; formLayout $gShelfForm;",
                                    "retain": true,
                                    "loadImmediately": true,
                                    "checkPlugins": false,
                                    "tabDirection": 0,
                                    "closed": false,
                                    "widthProperty": "free",
                                    "heightProperty": "fixed"
                                }
                            ]
                        }
                    },
                    {
                        "splitter": {
                            "orientation": "horizontal",
                            "children": [
                                {
                                    "tabWidget": {
                                    "controlWidth": 0,
                                    "controlHeight": 0,
                                        "collapsed": false,
                                        "controls": [
                                            {
                                                "objectName": "ToolBox",
                                                "title": "Tool Box",
                                                "uiScript": "global string $gToolboxForm; formLayout $gToolboxForm;",
                                                "retain": true,
                                                "loadImmediately": true,
                                                "checkPlugins": false,
                                                "tabDirection": 0,
                                                "closed": false,
                                                "widthProperty": "fixed",
                                                "heightProperty": "free"
                                            }
                                        ]
                                    }
                                },
                                {
                                    "tabWidget": {
                                        "selectedIndex": 0,
                                        "controlWidth": 0,
                                        "controlHeight": 0,
                                        "controls": [
                                            {
                                                "objectName": "Outliner",
                                                "title": "Outliner",
                                                "uiScript": "outlinerPanel -menuBarVisible true -label panelLabel Outliner",
                                                "retain": true,
                                                "loadImmediately": true,
                                                "checkPlugins": false,
                                                "tabDirection": 0,
                                                "closed": true,
                                                "widthProperty": "preferred",
                                                "heightProperty": "free"
                                            }
                                        ]
                                    }
                                },
                                {
                                    "tabWidget": {
                                        "selectedIndex": 0,
                                        "controlWidth": 0,
                                        "controlHeight": 0,
                                        "controls": [
                                            {
                                                "objectName": "ToolSettings",
                                                "title": "Tool Settings",
                                                "uiScript": "global string $gToolSettingsForm; formLayout $gToolSettingsForm;",
                                                "retain": true,
                                                "loadImmediately": true,
                                                "checkPlugins": false,
                                                "tabDirection": 0,
                                                "closed": true,
                                                "widthProperty": "preferred",
                                                "heightProperty": "free"
                                            }
                                        ]
                                    }
                                },
                                {
                                    "tabWidget": {
                                        "selectedIndex": 0,
                                        "controlWidth": 0,
                                        "controlHeight": 0,
                                        "collapsed": false,
                                        "controls": [
                                            {
                                                "objectName": "MainPane",
                                                "title": "viewPanes",
                                                "uiScript": "global string $gMainPane; paneLayout -nbg 0 $gMainPane;",
                                                "retain": true,
                                                "loadImmediately": true,
                                                "checkPlugins": false,
                                                "tabDirection": 0,
                                                "closed": false,
                                                "widthProperty": "free",
                                                "heightProperty": "free"
                                            }
                                        ]
                                    }
                                },
                                {
                                    "tabWidget": {
                                        "selectedIndex": 0,
                                        "controlWidth": 0,
                                        "controlHeight": 0,
                                        "collapsed": false,
                                        "controls": [
                                            {
                                                "objectName": "ChannelBoxLayerEditor",
                                                "title": "Channel Box / Layer Editor",
                                                "uiScript": "global string $gChannelsLayersForm; formLayout $gChannelsLayersForm;",
                                                "retain": true,
                                                "loadImmediately": true,
                                                "checkPlugins": false,
                                                "tabDirection": 3,
                                                "closed": false,
                                                "widthProperty": "preferred",
                                                "heightProperty": "free"
                                            },
                                            {
                                                "objectName": "NEXDockControl",
                                                "title": "Modeling Toolkit",
                                                "uiScript": "dR_createNEXDockControl();",
                                                "retain": true,
                                                "loadImmediately": true,
                                                "checkPlugins": false,
                                                "tabDirection": 3,
                                                "closed": false,
                                                "widthProperty": "preferred",
                                                "heightProperty": "free",
                                                "requiredPlugins": [
                                                    "modelingToolkit"
                                                ]
                                            },
                                            {
                                                "objectName": "UVToolkitDockControl",
                                                "title": "UV Toolkit",
                                                "uiScript": "createUVToolkitDockControl();",
                                                "retain": true,
                                                "loadImmediately": true,
                                                "checkPlugins": false,
                                                "tabDirection": 3,
                                                "closed": false,
                                                "widthProperty": "preferred",
                                                "heightProperty": "free"
                                            },
                                            {
                                                "objectName": "AttributeEditor",
                                                "title": "Attribute Editor",
                                                "uiScript": "global string $gAttributeEditorForm; formLayout $gAttributeEditorForm;",
                                                "retain": true,
                                                "loadImmediately": true,
                                                "checkPlugins": false,
                                                "tabDirection": 3,
                                                "closed": false,
                                                "widthProperty": "preferred",
                                                "heightProperty": "free"
                                            },
                                            {
                                                "objectName": "ngSkinToolsMainWindow_dock",
                                                "title": "ngSkinTools 1.7.3",
                                                "uiScript": "python(\"from ngSkinTools.ui.mainwindow import MainWindow; MainWindow.resumeInWorkspaceControl()\");",
                                                "retain": false,
                                                "loadImmediately": false,
                                                "checkPlugins": false,
                                                "tabDirection": 0,
                                                "closed": true,
                                                "widthProperty": "free",
                                                "heightProperty": "free",
                                                "controlWidth": 387
                                            }
                                        ]
                                    }
                                }
                            ]
                        }
                    },
                    {
                        "tabWidget": {
                            "selectedIndex": 0,
                            "controlWidth": 0,
                            "controlHeight": 0,
                            "collapsed": false,
                            "controls": [
                                {
                                    "objectName": "TimeSlider",
                                    "title": "Time Slider",
                                    "uiScript": "global string $gTimeSliderForm; formLayout $gTimeSliderForm;",
                                    "retain": true,
                                    "loadImmediately": true,
                                    "checkPlugins": false,
                                    "tabDirection": 0,
                                    "closed": false,
                                    "widthProperty": "free",
                                    "heightProperty": "fixed"
                                }
                            ]
                        }
                    },
                    {
                        "tabWidget": {
                            "selectedIndex": 0,
                            "controlWidth": 0,
                            "controlHeight": 0,
                            "collapsed": false,
                            "controls": [
                                {
                                    "objectName": "RangeSlider",
                                    "title": "Range Slider",
                                    "uiScript": "global string $gPlaybackRangeForm; formLayout $gPlaybackRangeForm;",
                                    "retain": true,
                                    "loadImmediately": true,
                                    "checkPlugins": false,
                                    "tabDirection": 0,
                                    "closed": false,
                                    "widthProperty": "free",
                                    "heightProperty": "fixed"
                                }
                            ]
                        }
                    },
                    {
                        "splitter": {
                            "orientation": "horizontal",
                            "children": [
                                {
                                    "tabWidget": {
                                        "selectedIndex": 0,
                                        "controlWidth": 0,
                                        "controlHeight": 0,
                                        "collapsed": false,
                                        "controls": [
                                            {
                                                "objectName": "HelpLine",
                                                "title": "Help Line",
                                                "uiScript": "global string $gHelpLineForm; formLayout $gHelpLineForm;",
                                                "retain": true,
                                                "loadImmediately": true,
                                                "checkPlugins": false,
                                                "tabDirection": 0,
                                                "closed": false,
                                                "widthProperty": "free",
                                                "heightProperty": "fixed"
                                            }
                                        ]
                                    }
                                },
                                {
                                    "tabWidget": {
                                        "selectedIndex": 0,
                                        "controlWidth": 0,
                                        "controlHeight": 0,
                                        "collapsed": false,
                                        "controls": [
                                            {
                                                "objectName": "CommandLine",
                                                "title": "Command Line",
                                                "uiScript": "global string $gCommandLineForm; formLayout $gCommandLineForm;",
                                                "retain": true,
                                                "loadImmediately": true,
                                                "checkPlugins": false,
                                                "tabDirection": 0,
                                                "closed": false,
                                                "widthProperty": "free",
                                                "heightProperty": "fixed"
                                            }
                                        ]
                                    }
                                }
                            ]
                        }
                    }
                ]
            }
        }
    ]
}